{
  "Transform": {
    "Matrix": {
      "Components": [
        1.0,
        0.0,
        0.0,
        0.0,
        0.0,
        1.0,
        0.0,
        0.0,
        0.0,
        0.0,
        1.0,
        0.0
      ]
    }
  },
  "Elements": {
    "dee7a057-f689-4b3f-b555-3094f40d4c1a": {
      "discriminator": "Elements.Material",
      "Color": {
        "Red": 0.952941176,
        "Green": 0.360784314,
        "Blue": 0.419607843,
        "Alpha": 1.0
      },
      "SpecularFactor": 0.1,
      "GlossinessFactor": 0.1,
      "Unlit": true,
      "DoubleSided": false,
      "RepeatTexture": true,
      "InterpolateTexture": true,
      "EmissiveFactor": 0.0,
      "Draw In Front": false,
      "EdgeDisplaySettings": null,
      "Id": "dee7a057-f689-4b3f-b555-3094f40d4c1a",
      "Name": "icosa"
    },
    "7e1b1ca5-7e15-4f95-98ae-4190f3da5301": {
      "discriminator": "Elements.MeshElement",
      "Mesh": {
        "Positions": [
          0.0,
          52.573195,
          85.065216,
          0.0,
          -52.573195,
          85.065216,
          85.065216,
          0.0,
          52.573195,
          85.065216,
          0.0,
          -52.573195,
          0.0,
          52.573195,
          -85.065216,
          0.0,
          -52.573195,
          -85.065216,
          -85.065216,
          0.0,
          -52.573195,
          -85.065216,
          0.0,
          52.573195,
          52.573195,
          85.065216,
          0.0,
          -52.573195,
          85.065216,
          0.0,
          -52.573195,
          -85.065216,
          0.0,
          52.573195,
          -85.065216,
          0.0
        ],
        "Normals": [
          0.356822,
          0.0,
          0.934172,
          0.356822,
          0.0,
          0.934172,
          0.356822,
          0.0,
          0.934172,
          0.356822,
          0.0,
          -0.934172,
          -0.356822,
          0.0,
          -0.934172,
          -0.356822,
          0.0,
          -0.934172,
          -0.356822,
          0.0,
          -0.934172,
          -0.356822,
          0.0,
          0.934172,
          0.0,
          0.934172,
          -0.356822,
          -0.57735,
          0.57735,
          0.57735,
          -0.57735,
          -0.57735,
          0.57735,
          0.0,
          -0.934172,
          -0.356822
        ],
        "UVs": [
          0.5,
          0.307,
          0.4,
          0.48,
          0.3,
          0.307,
          0.2,
          0.827,
          0.3,
          1.0,
          0.4,
          0.827,
          0.5,
          1.0,
          0.6,
          0.48,
          1.0,
          0.48,
          0.7,
          0.307,
          0.5,
          0.653,
          0.3,
          0.653
        ],
        "Colors": [
          0.0,
          0.0,
          0.0,
          0.0,
          0.0,
          0.0,
          0.0,
          0.0,
          0.0,
          0.0,
          0.0,
          0.0,
          0.0,
          0.0,
          0.0,
          0.0,
          0.0,
          0.0,
          0.0,
          0.0,
          0.0,
          0.0,
          0.0,
          0.0,
          0.0,
          0.0,
          0.0,
          0.0,
          0.0,
          0.0,
          0.0,
          0.0,
          0.0,
          0.0,
          0.0,
          0.0,
          0.0,
          0.0,
          0.0,
          0.0,
          0.0,
          0.0,
          0.0,
          0.0,
          0.0,
          0.0,
          0.0,
          0.0
        ],
        "Triangles": [
          0,
          8,
          9,
          0,
          2,
          8,
          2,
          3,
          8,
          3,
          4,
          8,
          4,
          9,
          8,
          6,
          9,
          4,
          7,
          9,
          6,
          7,
          0,
          9,
          1,
          10,
          11,
          1,
          11,
          2,
          11,
          3,
          2,
          11,
          5,
          3,
          11,
          10,
          5,
          10,
          6,
          5,
          10,
          7,
          6,
          10,
          1,
          7,
          0,
          7,
          1,
          0,
          1,
          2,
          3,
          5,
          4,
          5,
          6,
          4
        ]
      },
      "Transform": {
        "Matrix": {
          "Components": [
            1.0,
            0.0,
            0.0,
            0.0,
            0.0,
            1.0,
            0.0,
            0.0,
            0.0,
            0.0,
            1.0,
            0.0
          ]
        }
      },
      "Material": "dee7a057-f689-4b3f-b555-3094f40d4c1a",
      "Representation": null,
      "IsElementDefinition": false,
      "Id": "7e1b1ca5-7e15-4f95-98ae-4190f3da5301",
      "Name": null,
      "OriginalLocation": {
        "X": 0.0,
        "Y": 0.0,
        "Z": 0.0
      }
    }
  }
}